MCC15,Team,Parkour Tag - Red,Parkour Tag - Orange,Parkour Tag - Yellow,Parkour Tag - Lime,Parkour Tag - Green,Parkour Tag - Cyan,Parkour Tag - Aqua,Parkour Tag - Blue,Parkour Tag - Purple,Parkour Tag - Pink,Battle Box - Kills,Battle Box - Wins,Sky Battle - Kills,Sky Battle - 1,Sky Battle - 2,Sky Battle - 3,Sands Of Time,Hole in the Wall - 1,Hole in the Wall - 2,Hole in the Wall - 3,Ace Race - Time,Ace Race - Place,TGTTOS1,TGTTOS2,TGTTOS3,TGTTOS4,TGTTOS5,TGTTOS6,SG - Kills,SG - Survival
Quackity,Red,null,F5,F23,F16,F8,F60,F60,T52F,F9,F11,9,6,2,35,22,11,994,22,37,32,07:18.3,37,8,X,34,35,X,X,0,36
Sapnap,Red,null,F60,F60,F45,T2,F60,F60,F18,F60,T31T,13,6,7,36,30,31,348,1,1,10,06:12.8,12,12,19,4,9,2,10,6,36
Dream,Red,null,F60,T16T,F59,F35,T20T,T37T,F35,T16T,F15,3,6,8,30,31,23,1038,4,17,4,06:39.2,28,6,13,14,8,19,6,4,36
Michaelmcchill,Red,null,T2,F60,T2,F20,F51,F36,F6,F26,F48,2,6,2,32,17,26,374,40,30,38,07:43.2,38,X,X,6,30,7,X,0,36
Shubble,Orange,F49,null,F15,F30,F11,F15,T2,F21,F30,F44,1,0,1,28,15,9,0,19,26,24,07:04.6,32,26,33,38,26,10,X,2,32
PearlescentMoon,Orange,F27,null,F20,F38,F42,F5,F21,F29,T33T,T1,3,0,0,29,14,8,0,26,7,31,06:31.8,22,9,35,17,28,18,17,1,31
Grian,Orange,F60,null,T1,F39,F22,T0,F54,F38,F41,F32,2,0,1,10,11,5,0,10,18,26,06:16.4,13,30,31,11,15,15,21,0,35
PeteZahHutt,Orange,T2,null,F49,T26T,T34T,F14,F16,T43F,F11,F17,1,0,4,31,4,0,0,null,null,null,null,null,null,null,null,null,null,null,null,null
HBomb94,Orange,null,null,null,null,null,null,null,null,null,null,null,null,null,null,null,null,null,24,40,18,06:11.6,10,7,28,29,23,26,X,1,33
JackManifoldTV,Yellow,F7,F60,null,F21,T2,F39,F60,F60,F60,F34,2,4,3,27,7,19,374,23,33,30,06:12.4,11,23,X,35,17,23,X,1,28
Punz,Yellow,T1,F60,null,F59,F44,T40F,F46,T1,F60,F51,13,4,2,15,0,36,946,20,5,13,05:26.8,2,16,2,8,16,17,1,3,30
Seapeekay,Yellow,F16,T39T,null,F46,F7,F26,T49T,F58,F47,T32T,7,4,2,23,23,35,0,9,21,3,05:50.4,4,5,25,12,25,14,4,0,24
CaptainSparklez,Yellow,F12,F37,null,T39T,F24,F12,F60,F22,T33T,F19,2,4,3,26,20,12,560,38,23,8,05:57.1,6,X,12,5,20,30,20,1,27
KaraCorvus,Lime,F29,F18,F6,null,F17,F12,T1,F25,F7,F26,1,3,1,7,26,18,476,36,35,39,07:10.2,35,X,X,16,37,16,X,0,5
fruitberries,Lime,T59T ,T39F,F39,null,T44F,F55,F60,F47,F59,T43F,10,3,3,0,36,34,0,6,8,5,06:04.9,8,X,1,1,13,5,11,0,0
SolidarityGaming,Lime,F26,F26,F28,null,F11,T43T,F31,F8,T57T,F36,4,3,0,4,27,17,0,32,20,6,07:06.8,33,22,15,40,36,33,12,0,7
TheOrionSound,Lime,F60,F9,T59F,null,F36,F6,F60,T2,F43,F9,4,3,2,11,33,10,0,2,9,9,07:02.2,30,25,X,32,27,20,X,0,1
ConnorEatsPants,Green,F18,F33,F60,F17,null,F16 ,F11,F30,F33,F15,1,3,1,37,29,28,138,37,28,37,07:49.1,39,X,29,33,29,37,X,0,23
TommyInnit,Green,F39,F34,F16,F26,null,F60,F46,F43,T2,F23,2,3,4,34,34,21,0,5,22,14,06:32.1,23,29,16,27,34,X,7,2,34
Ph1LzA,Green,F60,F24,T44T,T36T,null,T42T,F37,T37T,F48,F8,6,3,0,37,35,32,210,7,15,21,06:32.8,24,1,23,21,18,36,14,1,26
Fundy,Green,T35T,T42F,F42,F44,null,F60,T18T,F60,F22,T27F,4,3,3,37,28,3,628,27,4,1,06:11.0,9,28,18,9,3,21,5,2,25
Wisp,Cyan,F8,T15T,F33,T55,F13,null,F60,F19,F45,T42T,9,8,1,1,1,15,960,8,16,33,06:28.4,21,20,9,7,39,24,X,1,16
Smajor1995,Cyan,F20,F60,T39T,F32,T1,null,F60,F40,T52F,F18,5,8,2,17,10,16,132,39,11,19,06:16.9,14,X,22,31,19,13,8,0,14
5up,Cyan,F16,F60,F20,F14,F42,null,T42T,T1,F17,F39,5,8,1,3,2,29,872,29,29,17,06:37.1,26,3,21,23,32,9,X,1,10
Antfrost,Cyan,T1,F60,F40,F43,F15,null,F60,F52,F24,F55,10,8,6,13,5,24,746,13,36,20,06:33.0,25,19,20,15,2,8,X,0,8
Krinios,Aqua,F37,T54T,T1,F60,F18,T0,null,F44,F16,T49T,4,4,0,16,9,14,46,15,10,36,06:37.4,27,14,11,28,21,25,2,0,21
Krtzyy,Aqua,F15,F60,F49,F60,T46F,F24,null,F21,F60,F60,10,4,3,18,12,20,326,34,34,29,06:19.6,16,X,5,2,14,31,22,3,29
Sylvee,Aqua,T1,F18,F20,T1,F8,F35,null,T1,T49T,F14,2,4,3,12,13,25,68,31,24,12,06:25.0,19,X,34,22,33,34,X,0,17
Nihachu,Aqua,F7,F26,F8,F8,F10,F42,null,F17,F20,F60,1,4,0,19,16,6,288,35,39,34,09:34.9,40,27,24,18,38,X,X,0,15
SmallishBeans,Blue,F52,F17,F60,F18,T2,T52T,F60,null,F49,F40,4,5,5,8,21,22,1014,21,19,25,06:18.2,15,4,10,10,10,32,X,0,4
fWhip,Blue,F39,F43,F53,F11,F8,F24,F23,null,F8,F29,3,5,2,9,8,7,544,28,25,7,07:10.6,36,21,26,30,4,11,X,0,13
Quig,Blue,T52T,T39T,F60,T47,F37,F60,F60,null,F18,T39T,10,5,5,33,3,30,812,11,2,16,05:42.0,3,18,4,19,5,12,9,0,9
PrestonPlayz,Blue,F18 ,F32,T2,F60,F28,F60,T44T,null,T34T,F60,11,5,2,14,6,27,762,33,38,23,07:03.7,31,10,27,26,11,6,15,2,18
Rendog,Purple,F16,F24,F6,F57,F40,F9,F49,F22,null,F13,2,6,1,6,18,4,330,14,32,15,06:49.4,29,15,30,37,X,27,X,0,3
FalseSymmetry,Purple,F15,F16,T1,F23,F30,F52,F27,F34,null,F33,4,6,1,20,19,13,536,30,27,28,07:09.9,34,X,32,39,7,35,X,0,12
InTheLittleWood,Purple,F8,F33,F14,T59F,T48T,F41,T2,F7,null,T2,4,6,2,2,24,2,900,17,3,27,05:54.6,5,X,8,24,22,22,X,1,11
Illumina,Purple,T2,T41F,F33,F39,F60,T45T,F40,T49F,null,F16,18,6,6,24,25,1,1528,3,14,11,05:23.3,1,2,7,3,1,3,3,0,6
TapL,Pink,T48F,T44T,F32,T36T,T23T,F22,F49,F28,F60,null,12,6,10,25,37,37,1242,18,6,1,06:27.5,20,11,3,25,31,4,13,1,20
WilburSoot,Pink,F19,F60,F9,F43,F21,F42,T1,F39,F57,null,4,6,3,5,37,37,454,16,12,35,06:20.0,17,24,14,20,6,29,16,0,22
Tubbo,Pink,F31,F54,F16,F14,F27,F7,F16,T2,F16,null,7,6,2,22,32,33,564,25,13,40,06:01.6,7,17,17,13,24,28,19,1,19
Ranboo,Pink,F5,F60,T51F,F33,F17,T55F,F23,F11,T33T,null,9,6,1,21,37,37,414,12,31,22,06:21.2,18,13,6,36,12,1,18,0,2
